rank,gene,compartment,candidate_class,clinical_use_case,total_score,disease_association_points,donor_consistency_points,specificity_points,pathway_points,external_validation_points,modality_points,conservation_points,safety_penalty,blood_specificity_penalty,therapeutic_penalty,avg_log2FC,p_val_adj,pct.1,pct.2,pseudobulk_cell_state,pseudobulk_log2FC,pseudobulk_p_adj,n_healthy_donors,n_cirrhotic_donors,pathfindr_terms,pathfindr_best_p,pathfindr_top_term,pathfindr_max_fold_enrichment,translational_modality,model_conservation,literature_context,risk_note,ensembl_id,entrez_id,gene_name,open_targets_tractability_positive_count,open_targets_tractability_positive,open_targets_safety_liabilities,clinicaltrials_liver_query_examples,clinicaltrials_phases_seen.x,clinicaltrials_sponsors_seen.x,clinvar_record_count_gene_human,source_timestamp.x,uniprot_accession,protein_name,uniprot_subcellular_location,uniprot_tissue_specificity,uniprot_function,uniprot_error,pubmed_liver_fibrosis_perturbation_count,pubmed_liver_fibrosis_perturbation_pmids,pubmed_liver_fibrosis_safety_count,pubmed_liver_fibrosis_safety_pmids,clinicaltrials_liver_context_examples,clinicaltrials_phases_seen.y,clinicaltrials_sponsors_seen.y,target_positioning,clinical_caution,source_timestamp.y,mouse_ortholog_symbol,mouse_entrez_id,mouse_orthology_support,mouse_orthology_support_n,translational_nomination,nomination_caution
1,COL1A1,mesenchymal_HSC_myofibroblast,diagnostic biomarker,fibrosis burden and pharmacodynamic endpoint,78.45,20,18,6.45,14,16,6,6,-8,0,0,4.164117366161983,1.9114327840875855e-133,0.605,0.175,HSC_myofibroblast_reference_supported,4.519940962691501,3.2119260005402577e-4,3,3,21,2.234162235695244e-18,Extracellular matrix organization,44.097465886939574,matrix biomarker,conserved,Core collagen scar component.,excellent fibrosis readout but poor direct target,ENSG00000108821,1277,collagen type I alpha 1 chain,7,SM:Structure with Ligand | AB:GO CC high conf | AB:UniProt loc med conf | AB:UniProt SigP or TMHMM | PR:Database Ubiquitination | PR:Half-life Data | OC:Approved Drug,bone density,NCT05542615: Prolonged Release Pirfenidone for Advanced Residual Liver Fibrosis (MINERVA). (PHASE2; UNKNOWN; University of Guadalajara),PHASE2,University of Guadalajara,0,2026-05-26T01:52:18Z,I3L3H7,NA,NA,NA,NA,NA,182,33190588;35646542;30081711;29552625;32771890,23,40754287;39206703;37663119;38278228;40544655,NCT05542615: Prolonged Release Pirfenidone for Advanced Residual Liver Fibrosis (MINERVA). (PHASE2; UNKNOWN; University of Guadalajara),PHASE2,University of Guadalajara,core scar matrix readout; best as endpoint or pharmacodynamic marker,direct collagen targeting is unlikely to be selective enough for a therapeutic program,2026-05-26T01:52:52Z,Col1a1,12842,EggNOG|Ensembl|HGNC|HomoloGene|Inparanoid|NCBI|OMA|OrthoDB|OrthoMCL|Panther|PhylomeDB|Treefam,12,fibrosis burden endpoint,standard orthogonal validation required
2,TIMP1,mesenchymal_HSC_myofibroblast,pharmacodynamic biomarker,secreted pharmacodynamic marker with specificity caveat,77.3887327317836,20,13.808732731783609,5.58,14,16,10,6,-6,-2,0,3.755219094571758,6.743880523767125e-162,0.88,0.508,HSC_myofibroblast_reference_supported,3.2714526684222824,0.0067800645047866,3,3,8,2.234162235695244e-18,Extracellular matrix organization,15.485732167654364,secreted biomarker,conserved,Matrix remodeling inhibitor frequently elevated in fibrosis.,broad injury response,ENSG00000102265,7076,TIMP metallopeptidase inhibitor 1,4,AB:UniProt loc high conf | AB:GO CC high conf | AB:UniProt SigP or TMHMM | PR:Database Ubiquitination,regulation of gene expression | regulation of transcription factor activity,NCT03352882: Impact of Transjugular Intrahepatic Portosystemic Shunts on Liver Stiffness (NA; TERMINATED; University of Pennsylvania) | NCT04595825: CM-101 in PSC Patients -The SPRING Study (PHASE2; ACTIVE_NOT_RECRUITING; ChemomAb Ltd.) | NCT07205874: Early Diagnosis of Primary Biliary Cholangitis (PBC) in Patients With Positive Anti-Mitochondrial Antibodies (AMA) and Normal Alkaline Phosphatase (ALP) (; RECRUITING; Hospital Universitario La Paz) | NCT01865812: Phase 2 Study on Effects of Obeticholic Acid (OCA) on Lipoprotein Metabolism in Participants With Primary Biliary Cirrhosis (PHASE2; COMPLETED; Intercept Pharmaceuticals) | NCT03568578: A Study in Reversing Hepatic Fibrosis or Cirrhosis Related to Hepatitis B Virus and Finding Biomarkers (NA; UNKNOWN; Peking University First Hospital),NA; PHASE2,ChemomAb Ltd.; Hospital Universitario La Paz; Intercept Pharmaceuticals; Peking University First Hospital; University of Pennsylvania,0,2026-05-26T01:52:19Z,P01033,Metalloproteinase inhibitor 1,Secreted,Detected in rheumatoid synovial fluid (at protein level),"Metalloproteinase inhibitor that functions by forming one to one complexes with target metalloproteinases, such as collagenases, and irreversibly inactivates them by binding to their catalytic zinc cofactor. Acts on MMP1, MMP2, MMP3, MMP7, MMP8, MMP9, MMP10, MMP11, MMP12, MMP13 and MMP16. Does not act on MMP14. Also functions as a growth factor that regulates cell differentiation, migration and cell death and activates cellular signaling cascades via CD63 and ITGB1. Plays a role in integrin signaling. Mediates erythropoiesis in vitro; but, unlike IL3, it is species-specific, stimulating the growth and differentiation of only human and murine erythroid progenitors",NA,448,33190588;39122845;36185574;30658483;7665849,32,36347091;36572266;40649803;38045041;35625637,NCT03352882: Impact of Transjugular Intrahepatic Portosystemic Shunts on Liver Stiffness (NA; TERMINATED; University of Pennsylvania) | NCT04595825: CM-101 in PSC Patients -The SPRING Study (PHASE2; ACTIVE_NOT_RECRUITING; ChemomAb Ltd.) | NCT07205874: Early Diagnosis of Primary Biliary Cholangitis (PBC) in Patients With Positive Anti-Mitochondrial Antibodies (AMA) and Normal Alkaline Phosphatase (ALP) (; RECRUITING; Hospital Universitario La Paz) | NCT01865812: Phase 2 Study on Effects of Obeticholic Acid (OCA) on Lipoprotein Metabolism in Participants With Primary Biliary Cirrhosis (PHASE2; COMPLETED; Intercept Pharmaceuticals) | NCT03568578: A Study in Reversing Hepatic Fibrosis or Cirrhosis Related to Hepatitis B Virus and Finding Biomarkers (NA; UNKNOWN; Peking University First Hospital),"NA; PHASE1; PHASE1, PHASE2; PHASE2; PHASE4","ChemomAb Ltd.; Hospital Universitario La Paz; Intercept Pharmaceuticals; Kiminori Kimura, MD; Peking University First Hospital; Pfizer; Pinnacle Clinical Research, PLLC; University Hospital Southampton NHS Foundation Trust; University of Pennsylvania; Yonsei University",secreted fibrosis and matrix-remodeling biomarker with strong assayability,broad injury-response signal; specificity for liver fibrosis stage must be validated against inflammation and cancer contexts,2026-05-26T01:52:47Z,Timp1,21857,EggNOG|Ensembl|HGNC|HomoloGene|Inparanoid|NCBI|OMA|OrthoMCL|Panther|PhylomeDB|Treefam,11,near-term biomarker program,requires tissue-specificity and safety evaluation
3,ACKR1,endothelial,future validation marker,spatial vascular and immune trafficking validation,76.38,20,18,4.38,12,12,10,6,-6,0,0,3.670423372689121,2.115127240517632e-210,0.36,0.068,endothelial_reference_supported,4.319961770917048,2.094351888486926e-4,4,5,NA,NA,NA,NA,surface atypical chemokine receptor,conserved with species differences,Reported scar-associated endothelial marker in human cirrhosis.,vascular and immune-trafficking roles require caution,ENSG00000213088,2532,atypical chemokine receptor 1 (Duffy blood group),3,SM:Druggable Family | AB:GO CC high conf | AB:UniProt SigP or TMHMM,NA,NA,NA,NA,0,2026-05-26T01:52:20Z,A0A3Q8I5V1,Atypical chemokine receptor 1,Early endosome | Membrane; Multi-pass membrane protein | Recycling endosome,NA,"Atypical chemokine receptor that controls chemokine levels and localization via high-affinity chemokine binding that is uncoupled from classic ligand-driven signal transduction cascades, resulting instead in chemokine sequestration, degradation, or transcytosis. Also known as interceptor (internalizing receptor) or chemokine-scavenging receptor or chemokine decoy receptor. Has a promiscuous chemokine-binding profile, interacting with inflammatory chemokines of both the CXC and the CC subfamilies but not with homeostatic chemokines. Acts as a receptor for chemokines including CCL2, CCL5, CCL7, CCL11, CCL13, CCL14, CCL17, CXCL5, CXCL6, IL8/CXCL8, CXCL11, GRO, RANTES, MCP-1 and TARC. May regulate chemokine bioavailability and, consequently, leukocyte recruitment through two distinct mechanisms: when expressed in endothelial cells, it sustains the abluminal to luminal transcytosis of tissue-derived chemokines and their subsequent presentation to circulating leukocytes; when expressed in erythrocytes, serves as blood reservoir of cognate chemokines but also as a chemokine sink, buffering potential surges in plasma chemokine levels",NA,0,NA,0,NA,NA,NA,NA,endothelial chemokine-trafficking marker; useful for niche biology and cell-state annotation,human population genetics and immune-trafficking biology require caution before intervention,2026-05-26T01:52:51Z,Ackr1,13349,EggNOG|Ensembl|HGNC|HomoloGene|Inparanoid|NCBI|OMA|OrthoDB|OrthoMCL|Panther|PhylomeDB|Treefam,12,vascular niche marker and spatial validation,standard orthogonal validation required
4,COL3A1,mesenchymal_HSC_myofibroblast,diagnostic biomarker,fibrosis burden and pharmacodynamic endpoint,75.88934314154638,20,15.409343141546382,6.479999999999999,14,16,6,6,-8,0,0,3.623959347518563,1.0866049672342952e-136,0.582,0.15,HSC_myofibroblast_reference_supported,3.620200348582386,0.00163822956124229,3,3,17,2.234162235695244e-18,Extracellular matrix organization,30.8682261208577,matrix biomarker,conserved,Core collagen scar component.,excellent fibrosis readout but poor direct target,ENSG00000291748,1281,collagen type III alpha 1 chain,0,NA,NA,NA,NA,NA,0,2026-05-26T01:52:21Z,P02461,Collagen alpha-1(III) chain,"Secreted, extracellular space, extracellular matrix",NA,Collagen type III occurs in most soft connective tissues along with type I collagen. Involved in regulation of cortical development. Is the major ligand of ADGRG1 in the developing brain and binding to ADGRG1 inhibits neuronal migration and activates the RhoA pathway by coupling ADGRG1 to GNA13 and possibly GNA12,NA,22,40590856;38184999;41065540;41746718;39868246,4,40451025;39402603;40754287;39206703,NA,NA,NA,core fibrillar collagen readout; useful for fibrosis burden and matrix remodeling,direct targeting risks normal wound-healing and connective-tissue biology,2026-05-26T01:52:55Z,Col3a1,12825,EggNOG|Ensembl|HGNC|HomoloGene|NCBI|OMA|OrthoDB|OrthoMCL|Panther|Treefam,10,fibrosis burden endpoint,requires tissue-specificity and safety evaluation
5,SPP1,macrophage_monocyte,future validation marker,macrophage-to-stromal mechanism follow-up,75.78597320876713,20,12.725973208767131,3.06,12,18,10,6,-6,0,0,2.7985848749401687,0,0.261,0.057,macrophage_reference_supported,3.1223743667188533,0.19524178714912607,5,5,NA,NA,NA,NA,secreted protein,conserved,Osteopontin is linked to inflammatory macrophage and fibrotic tissue programs.,"pleiotropic inflammatory, cancer, and repair biology",ENSG00000118785,6696,secreted phosphoprotein 1,4,AB:Advanced Clinical | AB:UniProt loc high conf | AB:GO CC high conf | AB:UniProt SigP or TMHMM,NA,"NCT04466124: Prospective Cohort Study of Liver Cancer Patients Treated With Proton Beam Therapy (; ENROLLING_BY_INVITATION; National Cancer Center, Korea) | NCT07371286: Administration of Fiber as a Dietary Supplement to Improve the Management of Alcohol Withdrawal (NA; NOT_YET_RECRUITING; Assistance Publique - Hôpitaux de Paris) | NCT01452308: Pilot Study of Simtuzumab in the Treatment of Liver Fibrosis (PHASE2; COMPLETED; Gilead Sciences) | NCT04308980: Safety and Tolerability of Novel Medical Nutrition Products for NAFLD Treatment (PHASE2, PHASE3; UNKNOWN; Russian Academy of Medical Sciences) | NCT05309642: Nonalcoholic Fatty Liver Disease - Intermittent Calorie Restriction (FLICR) Study (NA; COMPLETED; Ewha Womans University Mokdong Hospital)","NA; PHASE2; PHASE2, PHASE3","Assistance Publique - Hôpitaux de Paris; Ewha Womans University Mokdong Hospital; Gilead Sciences; National Cancer Center, Korea; Russian Academy of Medical Sciences",0,2026-05-26T01:52:23Z,Q3LGB0,NA,Secreted,NA,NA,NA,14,37028770;37535809;40622850;39267037;41810434,0,NA,"NCT04466124: Prospective Cohort Study of Liver Cancer Patients Treated With Proton Beam Therapy (; ENROLLING_BY_INVITATION; National Cancer Center, Korea) | NCT07371286: Administration of Fiber as a Dietary Supplement to Improve the Management of Alcohol Withdrawal (NA; NOT_YET_RECRUITING; Assistance Publique - Hôpitaux de Paris) | NCT01452308: Pilot Study of Simtuzumab in the Treatment of Liver Fibrosis (PHASE2; COMPLETED; Gilead Sciences) | NCT04308980: Safety and Tolerability of Novel Medical Nutrition Products for NAFLD Treatment (PHASE2, PHASE3; UNKNOWN; Russian Academy of Medical Sciences) | NCT05309642: Nonalcoholic Fatty Liver Disease - Intermittent Calorie Restriction (FLICR) Study (NA; COMPLETED; Ewha Womans University Mokdong Hospital)","NA; PHASE2; PHASE2, PHASE3","Assistance Publique - Hôpitaux de Paris; Ewha Womans University Mokdong Hospital; Gilead Sciences; Intercept Pharmaceuticals; Judit Pich; King Saud University; National Cancer Center, Korea; Russian Academy of Medical Sciences; University Of Perugia",secreted macrophage and fibrotic niche mediator; strong biology but pleiotropic,"inflammation, cancer, and repair biology complicate target safety",2026-05-26T01:53:04Z,Spp1,20750,EggNOG|Ensembl|HGNC|HomoloGene|Inparanoid|NCBI|OMA|OrthoDB|OrthoMCL|Panther|PhylomeDB|Treefam,12,macrophage-state biology and pharmacodynamic validation,standard orthogonal validation required
6,PDGFRA,mesenchymal_HSC_myofibroblast,therapeutic target,stromal activation perturbation hypothesis,75.73739657697844,20,15.71739657697844,4.02,14,16,10,6,-6,0,-4,4.108937895783906,2.041430065292689e-115,0.282,0.014,HSC_myofibroblast_reference_supported,3.757072836679333,0.0085641508659889,3,3,NA,NA,NA,NA,surface receptor; druggable class,conserved,Mesenchymal activation marker and receptor tyrosine kinase.,broad mesenchymal biology,ENSG00000134853,5156,platelet derived growth factor receptor alpha,13,SM:Approved Drug | SM:Structure with Ligand | SM:High-Quality Ligand | SM:Druggable Family | AB:Approved Drug | AB:UniProt loc high conf | AB:GO CC high conf | AB:UniProt SigP or TMHMM | PR:UniProt Ubiquitination | PR:Database Ubiquitination | PR:Half-life Data | PR:Small Molecule Binder | OC:Approved Drug,NA,"NCT00096096: Tacrolimus and Mycophenolate Mofetil in Preventing Acute Graft-Versus-Host Disease in Patients With Advanced Hematologic Cancer Who Are Undergoing Donor Stem Cell Transplantation (PHASE2; COMPLETED; Fred Hutchinson Cancer Center) | NCT00245037: Busulfan, Fludarabine, and Total-Body Irradiation in Treating Patients Who Are Undergoing a Donor Stem Cell Transplant for Hematologic Cancer (PHASE1, PHASE2; COMPLETED; OHSU Knight Cancer Institute)","PHASE1, PHASE2; PHASE2",Fred Hutchinson Cancer Center; OHSU Knight Cancer Institute,0,2026-05-26T01:52:24Z,D6RG11,Platelet-derived growth factor receptor-like protein,NA,NA,NA,NA,3,37010266;41408647;33867837,0,NA,"NCT00096096: Tacrolimus and Mycophenolate Mofetil in Preventing Acute Graft-Versus-Host Disease in Patients With Advanced Hematologic Cancer Who Are Undergoing Donor Stem Cell Transplantation (PHASE2; COMPLETED; Fred Hutchinson Cancer Center) | NCT00245037: Busulfan, Fludarabine, and Total-Body Irradiation in Treating Patients Who Are Undergoing a Donor Stem Cell Transplant for Hematologic Cancer (PHASE1, PHASE2; COMPLETED; OHSU Knight Cancer Institute)","PHASE1, PHASE2; PHASE2",Fred Hutchinson Cancer Center; OHSU Knight Cancer Institute,druggable mesenchymal receptor axis; plausible HSC activation biology,broad mesenchymal roles mean therapeutic window and liver-specific delivery matter,2026-05-26T01:52:56Z,Pdgfra,18595,EggNOG|Ensembl|HGNC|HomoloGene|Inparanoid|NCBI|OMA|OrthoDB|OrthoMCL|Panther|PhylomeDB|Treefam,12,therapeutic hypothesis requiring safety-window validation,requires tissue-specificity and safety evaluation
7,PLVAP,endothelial,diagnostic biomarker,scar-associated vascular niche readout,67.01708167102439,20,3.6770816710243808,5.34,12,16,10,6,-6,0,0,1.5478007778124665,1.4144126483404768e-269,0.754,0.398,endothelial_reference_supported,0.8763128236342463,0.305146835525875,4,5,NA,NA,NA,NA,surface-associated endothelial marker,conserved,Reported scar-associated endothelial marker in human cirrhosis.,vascular biology raises safety considerations for intervention,ENSG00000130300,83483,plasmalemma vesicle associated protein,5,AB:UniProt loc med conf | AB:UniProt SigP or TMHMM | AB:GO CC med conf | AB:Human Protein Atlas loc | PR:Database Ubiquitination,NA,NA,NA,NA,0,2026-05-26T01:52:25Z,Q9BX97,Plasmalemma vesicle-associated protein,"Cell membrane; Single-pass type II membrane protein | Membrane, caveola; Single-pass type II membrane protein | Cytoplasm, perinuclear region","Expressed in lung, kidney, heart, aorta, placenta, muscle, pituitary gland, adrenals, mammary gland, bladder, lymph node, bone marrow, trachea, digestive tract, liver and tumor-associated endothelium","Endothelial cell-specific membrane protein involved in the formation of the diaphragms that bridge endothelial fenestrae. It is also required for the formation of stomata of caveolae and transendothelial channels. Functions in microvascular permeability, endothelial fenestrae contributing to the passage of water and solutes and regulating transcellular versus paracellular flow in different organs. Plays a specific role in embryonic development",NA,0,NA,0,NA,NA,NA,NA,scar-associated endothelial surface marker; useful for vascular niche readouts and spatial validation,vascular expression raises safety and tissue-specific delivery considerations,2026-05-26T01:52:49Z,Plvap,84094,EggNOG|Ensembl|HGNC|HomoloGene|Inparanoid|NCBI|OMA|OrthoDB|OrthoMCL|Panther|PhylomeDB|Treefam,12,vascular niche marker and spatial validation,requires tissue-specificity and safety evaluation
8,CD9,macrophage_monocyte,pharmacodynamic biomarker,scar-associated macrophage pharmacodynamic readout,65.81112053083551,18.41256017798649,5.358560352849022,2.0399999999999996,12,18,10,6,-6,0,0,0.7217975936647628,9.210387523909143e-149,0.288,0.152,macrophage_reference_supported,1.291354124578418,0.263371293309579,5,5,NA,NA,NA,NA,surface protein; cell-state biomarker,conserved,Reported with TREM2 in scar-associated macrophages.,broad tetraspanin expression limits target specificity,ENSG00000010278,928,CD9 molecule,8,SM:Structure with Ligand | AB:UniProt loc high conf | AB:GO CC high conf | AB:UniProt loc med conf | AB:UniProt SigP or TMHMM | AB:Human Protein Atlas loc | PR:Database Ubiquitination | PR:Half-life Data,NA,NCT01564784: A Study Of Inotuzumab Ozogamicin Versus Investigator's Choice Of Chemotherapy In Patients With Relapsed Or Refractory Acute Lymphoblastic Leukemia (PHASE3; COMPLETED; Pfizer),PHASE3,Pfizer,0,2026-05-26T01:52:26Z,F5GXT1,Tetraspanin,"Cell membrane; Multi-pass membrane protein | Membrane; Multi-pass membrane protein | Secreted, extracellular exosome",NA,NA,NA,2,35874657;35006577,0,NA,NCT01564784: A Study Of Inotuzumab Ozogamicin Versus Investigator's Choice Of Chemotherapy In Patients With Relapsed Or Refractory Acute Lymphoblastic Leukemia (PHASE3; COMPLETED; Pfizer),PHASE3,Pfizer,surface marker of injury-associated macrophage states; more compelling as cell-state marker than standalone target,broad tetraspanin expression limits specificity,2026-05-26T01:53:02Z,Cd9,12527,EggNOG|Ensembl|HGNC|HomoloGene|Inparanoid|NCBI|OMA|OrthoDB|OrthoMCL|Panther|PhylomeDB|Treefam,12,macrophage-state biology and pharmacodynamic validation,requires tissue-specificity and safety evaluation
9,TREM2,macrophage_monocyte,future validation marker,macrophage state stratification and perturbation studies,57.60562059195723,8.802810295978619,8.802810295978619,0,12,14,10,6,-2,0,0,0,1,0,0,macrophage_reference_supported,2.1576065318080486,0.30398173802361966,5,5,NA,NA,NA,NA,surface receptor; biomarker and target biology,mouse ortholog supports preclinical macrophage studies,Scar-associated macrophage marker reported in human cirrhosis; useful for macrophage-state biology.,macrophage biology can be protective or pathogenic depending on disease timing,ENSG00000095970,54209,triggering receptor expressed on myeloid cells 2,4,SM:Structure with Ligand | AB:UniProt loc high conf | AB:GO CC high conf | AB:UniProt SigP or TMHMM,NA,NA,NA,NA,0,2026-05-26T01:52:27Z,Q9NZC2,Triggering receptor expressed on myeloid cells 2,Cell membrane; Single-pass type I membrane protein | Secreted,"Expressed in the brain, specifically in microglia and in the fusiform gyrus (at protein level) (PubMed:27477018, PubMed:28802038, PubMed:28855300, PubMed:29752066). Expressed on macrophages and dendritic cells but not on granulocytes or monocytes (PubMed:10799849, PubMed:28855301). In the CNS strongest expression seen in the basal ganglia, corpus callosum, medulla oblongata and spinal cord (PubMed:12080485)","Forms a receptor signaling complex with TYROBP which mediates signaling and cell activation following ligand binding (PubMed:10799849). Acts as a receptor for amyloid-beta protein 42, a cleavage product of the amyloid-beta precursor protein APP, and mediates its uptake and degradation by microglia (PubMed:27477018, PubMed:29518356). Binding to amyloid-beta 42 mediates microglial activation, proliferation, migration, apoptosis and expression of pro-inflammatory cytokines, such as IL6R and CCL3, and the anti-inflammatory cytokine ARG1 (By similarity). Acts as a receptor for lipoprotein particles such as LDL, VLDL, and HDL and for apolipoproteins such as APOA1, APOA2, APOB, APOE, APOE2, APOE3, APOE4, and CLU and enhances their uptake in microglia (PubMed:27477018). Binds phospholipids (preferably anionic lipids) such as phosphatidylserine, phosphatidylethanolamine, phosphatidylglycerol and sphingomyelin (PubMed:29794134). Regulates microglial proliferation by acting as an upstream regulator of the Wnt/beta-catenin signaling cascade (By similarity). Required for microglial phagocytosis of apoptotic neurons (PubMed:24990881). Also required for microglial activation and phagocytosis of myelin debris after neuronal injury and of neuronal synapses during synapse elimination in the developing brain (By similarity). Regulates microglial chemotaxis and process outgrowth, and also the microglial response to oxidative stress and lipopolysaccharide (By similarity). It suppresses PI3K and NF-kappa-B signaling in response to lipopolysaccharide; thus promoting phagocytosis, suppressing pro-inflammatory cytokine and nitric oxide production, inhibiting apoptosis and increasing expression of IL10 and TGFB (By similarity). During oxidative stress, it promotes anti-apoptotic NF-kappa-B signaling and ERK signaling (By similarity). Plays a role in microglial MTOR activation and metabolism (By similarity). Regulates age-related changes in microglial numbers (PubMed:29752066). Triggers activation of the immune responses in macrophages and dendritic cells (PubMed:10799849). Mediates cytokine-induced formation of multinucleated giant cells which are formed by the fusion of macrophages (By similarity). In dendritic cells, receptor of SEMA6D with PLEXNA1 as coreceptor and mediates up-regulation of chemokine receptor CCR7 and dendritic cell maturation and survival (PubMed:11602640). Involved in the positive regulation of osteoclast differentiation (PubMed:12925681)",NA,11,37535809;39178365;38609037;40560812;40526981,3,40883571;40754287;40124168,NA,NA,NA,scar-associated macrophage receptor; useful for macrophage-state stratification and perturbation studies,macrophage effects may be protective or pathogenic depending on timing and tissue context,2026-05-26T01:53:00Z,Trem2,83433,EggNOG|Ensembl|HGNC|HomoloGene|Inparanoid|NCBI|OMA|OrthoMCL|Panther|PhylomeDB|Treefam,11,macrophage-state biology and pharmacodynamic validation,standard orthogonal validation required
10,MMP2,mesenchymal_HSC_myofibroblast,future validation marker,matrix remodeling mechanism,51.69,20,0,3.69,14,0,10,6,-2,0,0,3.5320331431554575,7.0020460781653305e-99,0.264,0.018,NA,NA,NA,NA,NA,5,2.234162235695244e-18,Extracellular matrix organization,20.670687134502923,secreted/enzyme,conserved,Matrix remodeling enzyme associated with activated stromal biology.,matrix remodeling can be protective or harmful by context,ENSG00000087245,4313,matrix metallopeptidase 2,9,SM:Advanced Clinical | SM:Structure with Ligand | SM:High-Quality Ligand | SM:High-Quality Pocket | SM:Druggable Family | AB:UniProt loc high conf | AB:GO CC high conf | AB:UniProt SigP or TMHMM | PR:Small Molecule Binder,regulation of catalytic activity,NCT03848780: Desflurane Preconditioning in Hepatectomies (NA; COMPLETED; Aristotle University Of Thessaloniki) | NCT05325398: Effect of Molecular Hydrogen in Patients With NAFLD (NA; COMPLETED; Comenius University) | NCT01741090: The Effectiveness and Safety for Mesenchymal Stem Cell for Alcoholic Liver Cirrhosis (PHASE2; UNKNOWN; Yonsei University),NA; PHASE2,Aristotle University Of Thessaloniki; Comenius University; Yonsei University,0,2026-05-26T01:52:28Z,H3BS34,NA,NA,NA,NA,NA,184,40452107;37904642;26903052;29237572;31813234,22,36572266;40649803;15479692;31207450;36204229,NCT03848780: Desflurane Preconditioning in Hepatectomies (NA; COMPLETED; Aristotle University Of Thessaloniki) | NCT05325398: Effect of Molecular Hydrogen in Patients With NAFLD (NA; COMPLETED; Comenius University) | NCT01741090: The Effectiveness and Safety for Mesenchymal Stem Cell for Alcoholic Liver Cirrhosis (PHASE2; UNKNOWN; Yonsei University),NA; PHASE2,Aristotle University Of Thessaloniki; Comenius University; Yonsei University,NA,NA,2026-05-26T01:53:14Z,Mmp2,17390,EggNOG|Ensembl|HGNC|HomoloGene|Inparanoid|NCBI|OMA|OrthoDB|OrthoMCL|Panther|PhylomeDB|Treefam,12,secondary evidence candidate,standard orthogonal validation required
11,VWF,endothelial,diagnostic biomarker,endothelial activation context marker,51.425,20,0,7.425000000000001,14,0,10,6,-6,0,0,2.5503095589513816,0,0.798,0.303,NA,NA,NA,NA,NA,22,1.5333275644362711e-6,GRB2:SOS provides linkage to MAPK signaling for Integrins,54.84121212121211,secreted/endothelial biomarker,conserved,Endothelial activation and vascular remodeling marker.,broad vascular expression,ENSG00000110799,7450,von Willebrand factor,7,SM:Med-Quality Pocket | AB:Approved Drug | AB:UniProt loc high conf | AB:GO CC high conf | AB:UniProt SigP or TMHMM | PR:Database Ubiquitination | OC:Approved Drug,NA,NCT06392828: EndoNAFLD: Relationship Between Fatty Liver Disease and Cardiovascular Diseases (; COMPLETED; IMDEA Food) | NCT00701610: Levels of Von Willebrand Factor Multimers and VWF-Cleaving Protease (ADAMTS-13) in Preterm and Neonate (; UNKNOWN; Sheba Medical Center) | NCT06694090: Von Willebrand Factor Levels in Patients With Liver Cirrhosis and Portal Hypertension (; NOT_YET_RECRUITING; Assiut University) | NCT03568578: A Study in Reversing Hepatic Fibrosis or Cirrhosis Related to Hepatitis B Virus and Finding Biomarkers (NA; UNKNOWN; Peking University First Hospital) | NCT07439939: Exploration of Systemic and Portal Hemostasis in Patients Undergoing Transjugular Intrahepatic Portosystemic Shunt Placement (; RECRUITING; Assistance Publique - Hôpitaux de Paris),NA,Assistance Publique - Hôpitaux de Paris; Assiut University; IMDEA Food; Peking University First Hospital; Sheba Medical Center,0,2026-05-26T01:52:30Z,I3L4K4,NA,NA,NA,NA,NA,23,39398008;35407443;32295224;41985454;28377286,8,24703870;37605068;38926208;34256145;27476467,NCT06392828: EndoNAFLD: Relationship Between Fatty Liver Disease and Cardiovascular Diseases (; COMPLETED; IMDEA Food) | NCT00701610: Levels of Von Willebrand Factor Multimers and VWF-Cleaving Protease (ADAMTS-13) in Preterm and Neonate (; UNKNOWN; Sheba Medical Center) | NCT06694090: Von Willebrand Factor Levels in Patients With Liver Cirrhosis and Portal Hypertension (; NOT_YET_RECRUITING; Assiut University) | NCT03568578: A Study in Reversing Hepatic Fibrosis or Cirrhosis Related to Hepatitis B Virus and Finding Biomarkers (NA; UNKNOWN; Peking University First Hospital) | NCT07439939: Exploration of Systemic and Portal Hemostasis in Patients Undergoing Transjugular Intrahepatic Portosystemic Shunt Placement (; RECRUITING; Assistance Publique - Hôpitaux de Paris),"NA; PHASE2, PHASE3","Assistance Publique - Hôpitaux de Paris; Assiut University; IMDEA Food; Institute of Liver and Biliary Sciences, India; Judit Pich; Medical University of Vienna; Peking University First Hospital; Raimondo De Cristofaro; Sheba Medical Center",NA,NA,2026-05-26T01:53:16Z,Vwf,22371,EggNOG|Ensembl|HGNC|HomoloGene|Inparanoid|NCBI|OMA|OrthoDB|OrthoMCL|Panther|PhylomeDB|Treefam,12,secondary evidence candidate,standard orthogonal validation required
12,DCN,mesenchymal_HSC_myofibroblast,future validation marker,matrix biology validation,49.79,20,0,5.789999999999999,14,0,6,6,-2,0,0,2.254433248356751,5.197841527885687e-111,0.72,0.334,NA,NA,NA,NA,NA,3,2.234162235695244e-18,Extracellular matrix organization,22.62896275777162,matrix biomarker,conserved,Matrix proteoglycan expressed by stromal populations.,context-dependent anti-fibrotic and pro-remodeling roles,ENSG00000011465,1634,decorin,6,AB:UniProt loc high conf | AB:GO CC high conf | AB:UniProt loc med conf | AB:UniProt SigP or TMHMM | PR:Database Ubiquitination | PR:Half-life Data,NA,"NCT03854565: Glycocalyx Biomarkers in ARDS for Clinical Prognosis and Pulmonary Fibrosis (; UNKNOWN; Southeast University, China)",NA,"Southeast University, China",0,2026-05-26T01:52:31Z,F8VXZ8,Decorin,"Secreted, extracellular space, extracellular matrix",NA,May affect the rate of fibrils formation,NA,2,24361483;37098757,2,36051101;29879025,"NCT03854565: Glycocalyx Biomarkers in ARDS for Clinical Prognosis and Pulmonary Fibrosis (; UNKNOWN; Southeast University, China)",NA,"Southeast University, China",NA,NA,2026-05-26T01:53:18Z,Dcn,13179,EggNOG|Ensembl|HGNC|HomoloGene|Inparanoid|NCBI|OMA|OrthoDB|OrthoMCL|Panther|PhylomeDB|Treefam,12,secondary evidence candidate,standard orthogonal validation required
13,LUM,mesenchymal_HSC_myofibroblast,diagnostic biomarker,stromal matrix burden marker,48.395,20,0,4.3950000000000005,14,0,6,6,-2,0,0,2.771477757869201,8.882448448478049e-100,0.336,0.043,NA,NA,NA,NA,NA,4,2.234162235695244e-18,Extracellular matrix organization,26.45847953216374,matrix biomarker,conserved,Matrix-associated stromal marker.,matrix marker more than direct intervention point,ENSG00000139329,4060,lumican,3,AB:GO CC high conf | AB:UniProt loc med conf | AB:UniProt SigP or TMHMM,NA,"NCT03656068: An Evaluation of the Safety and Efficacy of Nitazoxanide on Collagen Turnover in NASH Patients With Fibrosis (PHASE2; COMPLETED; Pinnacle Clinical Research, PLLC)",PHASE2,"Pinnacle Clinical Research, PLLC",0,2026-05-26T01:52:32Z,P51884,Lumican,"Secreted, extracellular space, extracellular matrix",Cornea and other tissues,NA,NA,2,27885969;42043860,1,27885969,"NCT03656068: An Evaluation of the Safety and Efficacy of Nitazoxanide on Collagen Turnover in NASH Patients With Fibrosis (PHASE2; COMPLETED; Pinnacle Clinical Research, PLLC)",PHASE2,"Pinnacle Clinical Research, PLLC",NA,NA,2026-05-26T01:53:22Z,Lum,17022,EggNOG|Ensembl|HGNC|HomoloGene|Inparanoid|NCBI|OMA|OrthoDB|OrthoMCL|Panther|PhylomeDB|Treefam,12,secondary evidence candidate,standard orthogonal validation required
14,SMOC2,mesenchymal_HSC_myofibroblast,diagnostic biomarker,secreted diagnostic or pharmacodynamic marker,47.58815455997629,1.67455168369472,0.38360287628156814,1.5299999999999998,14,16,10,6,-2,0,0,0.29322282781847386,0.00823425958438259,0.291,0.189,HSC_myofibroblast_reference_supported,0.09263957128576368,0.9138317153991672,3,3,NA,NA,NA,NA,secreted biomarker,conserved,Reported HSC-derived secreted biomarker associated with human NAFLD/NASH severity.,best positioned as biomarker before target,ENSG00000112562,64094,SPARC related modular calcium binding 2,3,AB:UniProt loc med conf | AB:UniProt SigP or TMHMM | AB:GO CC med conf,NA,NA,NA,NA,0,2026-05-26T01:52:33Z,H0Y5I1,NA,Secreted,NA,NA,NA,1,30581002,0,NA,NA,NA,NA,secreted HSC biomarker candidate; stronger near-term fit as diagnostic or pharmacodynamic marker than direct target,"extracellular matrix biology is tissue-repair linked, so target causality needs perturbation evidence before a therapeutic program",2026-05-26T01:52:45Z,Smoc2,64074,EggNOG|Ensembl|HGNC|HomoloGene|Inparanoid|NCBI|OMA|OrthoDB|OrthoMCL|Panther|PhylomeDB|Treefam,12,near-term biomarker program,standard orthogonal validation required
15,THY1,mesenchymal_HSC_myofibroblast,pharmacodynamic biomarker,activated stromal and portal-fibroblast-like readout,42.28,20,0,5.28,7,0,10,6,-6,0,0,3.587915639877435,1.6731334956255937e-135,0.391,0.039,NA,NA,NA,NA,NA,NA,NA,NA,NA,surface marker,conserved,Activated mesenchymal and portal fibroblast-associated marker.,broad stromal expression,ENSG00000154096,7070,Thy-1 cell surface antigen,5,AB:GO CC high conf | AB:UniProt loc med conf | AB:UniProt SigP or TMHMM | AB:Human Protein Atlas loc | PR:Half-life Data,NA,NA,NA,NA,0,2026-05-26T01:52:35Z,P04216,Thy-1 membrane glycoprotein,"Cell membrane; Lipid-anchor, GPI-anchor",NA,May play a role in cell-cell or cell-ligand interactions during synaptogenesis and other events in the brain,NA,6,31071368;29515105;17631135;30365941;29404454,1,16635534,NA,NA,NA,NA,NA,2026-05-26T01:53:11Z,Thy1,21838,EggNOG|Ensembl|HGNC|HomoloGene|Inparanoid|NCBI|OMA|OrthoDB|OrthoMCL|Panther|PhylomeDB|Treefam,12,secondary evidence candidate,standard orthogonal validation required
16,GPNMB,macrophage_monocyte,pharmacodynamic biomarker,macrophage injury-state readout,41.89424346014124,0.947121730070622,0.947121730070622,0,12,18,10,6,-6,0,0,0,1,0,0,macrophage_reference_supported,0.2328313998661536,0.8966265780205009,5,5,NA,NA,NA,NA,surface/secreted-associated protein,conserved,Disease-associated macrophage and repair-state marker in chronic tissue injury.,not liver-specific,ENSG00000136235,10457,glycoprotein nmb,7,AB:Advanced Clinical | AB:GO CC high conf | AB:UniProt loc med conf | AB:UniProt SigP or TMHMM | PR:Database Ubiquitination | PR:Half-life Data | OC:Advanced Clinical,NA,NA,NA,NA,0,2026-05-26T01:52:36Z,Q96F58,NA,NA,NA,NA,NA,5,41861961;37256147;37934943;40186908;34608215,0,NA,NA,NA,NA,injury-associated macrophage marker with translational biomarker potential,not liver-specific; target role requires directionally clear perturbation evidence,2026-05-26T01:53:05Z,Gpnmb,93695,EggNOG|Ensembl|HGNC|HomoloGene|Inparanoid|NCBI|OMA|OrthoDB|OrthoMCL|Panther|Treefam,11,macrophage-state biology and pharmacodynamic validation,standard orthogonal validation required
17,PDGFRB,mesenchymal_HSC_myofibroblast,therapeutic target,stromal activation perturbation hypothesis,38.57278384892737,0.8627838489273754,0,1.71,14,16,10,6,-6,0,-4,0.17255676978547507,1,0.59,0.476,HSC_myofibroblast_reference_supported,-0.26022827055694253,0.6062686902871254,3,3,NA,NA,NA,NA,surface receptor; druggable class,conserved,Stellate/pericyte activation and fibrogenic signaling axis.,vascular and pericyte roles create on-target safety concerns,ENSG00000113721,5159,platelet derived growth factor receptor beta,12,SM:Approved Drug | SM:High-Quality Ligand | SM:Druggable Family | AB:Advanced Clinical | AB:GO CC high conf | AB:UniProt loc med conf | AB:UniProt SigP or TMHMM | PR:UniProt Ubiquitination | PR:Database Ubiquitination | PR:Half-life Data | PR:Small Molecule Binder | OC:Approved Drug,heart disease,NCT06562361: A Microdose Trial Investigating Binding of [68Ga]Ga-DOTA-CYS-ATH001 in Healthy Subjects and Different Patient Groups. (EARLY_PHASE1; RECRUITING; Antaros Medical),EARLY_PHASE1,Antaros Medical,0,2026-05-26T01:52:37Z,E5RII0,NA,NA,NA,NA,NA,7,36549436;41065540;38414241;37098757;29251794,0,NA,NCT06562361: A Microdose Trial Investigating Binding of [68Ga]Ga-DOTA-CYS-ATH001 in Healthy Subjects and Different Patient Groups. (EARLY_PHASE1; RECRUITING; Antaros Medical),EARLY_PHASE1,Antaros Medical,druggable stellate/pericyte receptor axis with strong fibrogenic plausibility,pericyte and vascular biology create on-target safety concerns,2026-05-26T01:52:58Z,Pdgfrb,18596,EggNOG|Ensembl|HGNC|HomoloGene|Inparanoid|NCBI|OMA|OrthoDB|OrthoMCL|Panther|PhylomeDB|Treefam,12,therapeutic hypothesis requiring safety-window validation,requires tissue-specificity and safety evaluation
18,SERPINE1,mesenchymal_HSC_myofibroblast,future validation marker,TGF-beta-linked injury mechanism,33.04665976778811,7.786659767788108,0,1.26,14,0,10,6,-6,0,0,1.1464307142202437,2.850611501866127e-21,0.1,0.016,NA,NA,NA,NA,NA,NA,NA,NA,NA,secreted inhibitor,conserved,TGF-beta-linked matrix remodeling and injury-response mediator.,broad coagulation and fibrinolysis biology,ENSG00000106366,5054,serpin family E member 1,9,SM:Advanced Clinical | SM:Structure with Ligand | SM:High-Quality Ligand | SM:High-Quality Pocket | SM:Druggable Family | AB:UniProt loc high conf | AB:GO CC high conf | AB:UniProt SigP or TMHMM | PR:Small Molecule Binder,osteonecrosis | regulation of gene expression,"NCT03124108: Study to Evaluate the Efficacy and Safety of Elafibranor in Patients With Primary Biliary Cholangitis (PBC) and Inadequate Response to Ursodeoxycholic Acid (PHASE2; COMPLETED; Genfit) | NCT07439939: Exploration of Systemic and Portal Hemostasis in Patients Undergoing Transjugular Intrahepatic Portosystemic Shunt Placement (; RECRUITING; Assistance Publique - Hôpitaux de Paris) | NCT04230655: Weight Loss in Adults With Obesity Using a Combination of Low Energy Diet, Group Treatment and Intragastric Balloon (NA; UNKNOWN; Region Örebro County) | NCT01694849: Phase IIb Study to Evaluate the Efficacy and Safety of GFT505 Versus Placebo in Patients With Non-Alcoholic Steatohepatitis (NASH) (PHASE2; COMPLETED; Genfit) | NCT02850692: Portal Hypertension and Systemic Endothelial Function (NA; UNKNOWN; Hopital Foch)",NA; PHASE2,Assistance Publique - Hôpitaux de Paris; Genfit; Hopital Foch; Region Örebro County,0,2026-05-26T01:52:38Z,P05121,Plasminogen activator inhibitor 1,Secreted,"Expressed in endothelial cells (PubMed:2430793, PubMed:3097076). Found in plasma, platelets, and hepatoma and fibrosarcoma cells","Serine protease inhibitor. Inhibits TMPRSS7 (PubMed:15853774). Is a primary inhibitor of tissue-type plasminogen activator (PLAT) and urokinase-type plasminogen activator (PLAU). As PLAT inhibitor, it is required for fibrinolysis down-regulation and is responsible for the controlled degradation of blood clots (PubMed:17912461, PubMed:8481516, PubMed:9207454, PubMed:21925150). As PLAU inhibitor, it is involved in the regulation of cell adhesion and spreading (PubMed:9175705). Acts as a regulator of cell migration, independently of its role as protease inhibitor (PubMed:15001579, PubMed:9168821). It is required for stimulation of keratinocyte migration during cutaneous injury repair (PubMed:18386027). It is involved in cellular and replicative senescence (PubMed:16862142). Plays a role in alveolar type 2 cells senescence in the lung (By similarity). Is involved in the regulation of cementogenic differentiation of periodontal ligament stem cells, and regulates odontoblast differentiation and dentin formation during odontogenesis (PubMed:25808697, PubMed:27046084)",NA,4,40365443;32945412;39522884;40270091,0,NA,"NCT03124108: Study to Evaluate the Efficacy and Safety of Elafibranor in Patients With Primary Biliary Cholangitis (PBC) and Inadequate Response to Ursodeoxycholic Acid (PHASE2; COMPLETED; Genfit) | NCT07439939: Exploration of Systemic and Portal Hemostasis in Patients Undergoing Transjugular Intrahepatic Portosystemic Shunt Placement (; RECRUITING; Assistance Publique - Hôpitaux de Paris) | NCT04230655: Weight Loss in Adults With Obesity Using a Combination of Low Energy Diet, Group Treatment and Intragastric Balloon (NA; UNKNOWN; Region Örebro County) | NCT01694849: Phase IIb Study to Evaluate the Efficacy and Safety of GFT505 Versus Placebo in Patients With Non-Alcoholic Steatohepatitis (NASH) (PHASE2; COMPLETED; Genfit) | NCT02850692: Portal Hypertension and Systemic Endothelial Function (NA; UNKNOWN; Hopital Foch)",NA; PHASE2; PHASE3; PHASE4,"Assistance Publique - Hôpitaux de Paris; Genfit; Hopital Foch; Ipsen; Miriam Vos, MD; Region Örebro County; Valbiotis; Yonsei University",NA,NA,2026-05-26T01:53:13Z,Serpine1,18787,EggNOG|Ensembl|HGNC|HomoloGene|Inparanoid|NCBI|OMA|OrthoDB|OrthoMCL|Panther|PhylomeDB|Treefam,12,secondary evidence candidate,standard orthogonal validation required
19,LOXL2,mesenchymal_HSC_myofibroblast,therapeutic target,matrix stiffness target hypothesis with clinical-risk flag,24,0,0,0,14,0,10,6,-2,0,-4,0,1,0,0,NA,NA,NA,NA,NA,5,2.234162235695244e-18,Extracellular matrix organization,44.097465886939574,secreted/enzyme; druggable class,conserved,Collagen crosslinking enzyme and fibrotic matrix remodeling candidate.,prior clinical fibrosis targeting has been challenging,ENSG00000134013,4017,lysyl oxidase like 2,8,SM:Advanced Clinical | SM:High-Quality Ligand | AB:Advanced Clinical | AB:UniProt loc high conf | AB:UniProt SigP or TMHMM | AB:GO CC med conf | PR:Database Ubiquitination | PR:Small Molecule Binder,NA,"NCT01672879: Simtuzumab (SIM, GS-6624) in the Treatment of Cirrhosis Due to NASH (PHASE2; TERMINATED; Gilead Sciences) | NCT01672866: Safety and Efficacy of Simtuzumab (SIM, GS-6624) in Adults With Advanced Liver Fibrosis But Not Cirrhosis Secondary to Non-Alcoholic Steatohepatitis (NASH) (PHASE2; TERMINATED; Gilead Sciences) | NCT01452308: Pilot Study of Simtuzumab in the Treatment of Liver Fibrosis (PHASE2; COMPLETED; Gilead Sciences) | NCT01672853: Simtuzumab (GS-6624) in the Prevention of Progression of Liver Fibrosis in Adults With Primary Sclerosing Cholangitis (PSC) (PHASE2; COMPLETED; Gilead Sciences) | NCT02613871: Safety and Efficacy of Ledipasvir/Sofosbuvir Fixed-Dose Combination in Adults With Chronic HCV and HBV Coinfection (PHASE3; COMPLETED; Gilead Sciences)",PHASE2; PHASE3,Gilead Sciences,0,2026-05-26T01:52:40Z,W6I206,Lysyl oxidase homolog,"Chromosome | Endoplasmic reticulum | Nucleus | Secreted, extracellular space, extracellular matrix, basement membrane",NA,Mediates the post-translational oxidative deamination of lysine residues on target proteins leading to the formation of deaminated lysine (allysine),NA,8,41385725;30536539;36516471;28468951;32258954,3,30986934;27232579;30153359,"NCT01672879: Simtuzumab (SIM, GS-6624) in the Treatment of Cirrhosis Due to NASH (PHASE2; TERMINATED; Gilead Sciences) | NCT01672866: Safety and Efficacy of Simtuzumab (SIM, GS-6624) in Adults With Advanced Liver Fibrosis But Not Cirrhosis Secondary to Non-Alcoholic Steatohepatitis (NASH) (PHASE2; TERMINATED; Gilead Sciences) | NCT01452308: Pilot Study of Simtuzumab in the Treatment of Liver Fibrosis (PHASE2; COMPLETED; Gilead Sciences) | NCT01672853: Simtuzumab (GS-6624) in the Prevention of Progression of Liver Fibrosis in Adults With Primary Sclerosing Cholangitis (PSC) (PHASE2; COMPLETED; Gilead Sciences) | NCT02613871: Safety and Efficacy of Ledipasvir/Sofosbuvir Fixed-Dose Combination in Adults With Chronic HCV and HBV Coinfection (PHASE3; COMPLETED; Gilead Sciences)",PHASE2; PHASE3,Gilead Sciences,NA,NA,2026-05-26T01:53:07Z,Loxl2,94352,EggNOG|Ensembl|HGNC|HomoloGene|Inparanoid|OMA|OrthoDB|OrthoMCL|Panther|PhylomeDB|Treefam,11,secondary evidence candidate,standard orthogonal validation required
20,ACTA2,mesenchymal_HSC_myofibroblast,pharmacodynamic biomarker,activated stromal-state readout,23.295684493761037,4.065684493761039,0,1.2299999999999995,14,0,4,6,-6,0,0,-0.4218757271539859,2.7348998038370043e-20,0.797,0.879,NA,NA,NA,NA,NA,NA,NA,NA,NA,cell-state marker,conserved,Activated myofibroblast marker.,smooth muscle expression limits specificity,ENSG00000107796,59,"actin alpha 2, smooth muscle",1,PR:Database Ubiquitination,NA,"NCT06015022: EGCG for Hepatocellular Carcinoma Chemoprevention (PHASE2; RECRUITING; University of Texas Southwestern Medical Center) | NCT06203132: DORAvirine Versus DOlutegravir Based Antiretroviral Regimens in Treatment-naïve People Living With HIV-1 Infection (PHASE3; RECRUITING; ANRS, Emerging Infectious Diseases) | NCT00930995: Angiotensin Receptor Blockade as an Anti-Fibrotic Intervention in Patients With Chronic Hepatitis C (PHASE2; WITHDRAWN; Kaiser Permanente) | NCT07391267: Pathogenesis of Chronic Kidney Disease Associated With Metabolic Dysfunction- Associated Fatty Liver Disease (MAFLD) and Treatment Response of Oral Semaglutide. (NA; NOT_YET_RECRUITING; Institute of Liver and Biliary Sciences, India) | NCT00152815: Non-alcoholic Fatty Liver Disease (NAFLD) in HIV: The Role of Nutritional Interventions (PHASE2; TERMINATED; Johane Allard)",NA; PHASE2; PHASE3,"ANRS, Emerging Infectious Diseases; Institute of Liver and Biliary Sciences, India; Johane Allard; Kaiser Permanente; University of Texas Southwestern Medical Center",0,2026-05-26T01:52:41Z,P62736,"Actin, aortic smooth muscle","Cytoplasm, cytoskeleton",NA,Actins are highly conserved proteins that are involved in various types of cell motility and are ubiquitously expressed in all eukaryotic cells,NA,53,33190588;30081711;31286822;36185574;40516845,5,40754287;40649803;35625945;41638286;27605418,"NCT06015022: EGCG for Hepatocellular Carcinoma Chemoprevention (PHASE2; RECRUITING; University of Texas Southwestern Medical Center) | NCT06203132: DORAvirine Versus DOlutegravir Based Antiretroviral Regimens in Treatment-naïve People Living With HIV-1 Infection (PHASE3; RECRUITING; ANRS, Emerging Infectious Diseases) | NCT00930995: Angiotensin Receptor Blockade as an Anti-Fibrotic Intervention in Patients With Chronic Hepatitis C (PHASE2; WITHDRAWN; Kaiser Permanente) | NCT07391267: Pathogenesis of Chronic Kidney Disease Associated With Metabolic Dysfunction- Associated Fatty Liver Disease (MAFLD) and Treatment Response of Oral Semaglutide. (NA; NOT_YET_RECRUITING; Institute of Liver and Biliary Sciences, India) | NCT00152815: Non-alcoholic Fatty Liver Disease (NAFLD) in HIV: The Role of Nutritional Interventions (PHASE2; TERMINATED; Johane Allard)",NA; PHASE2; PHASE3,"ANRS, Emerging Infectious Diseases; Gilead Sciences; Institute of Liver and Biliary Sciences, India; Johane Allard; Kaiser Permanente; Sanford Health; University of Texas Southwestern Medical Center",NA,NA,2026-05-26T01:53:09Z,Acta2,11475,Ensembl|HGNC|HomoloGene|Inparanoid|NCBI|OMA|OrthoDB|OrthoMCL|Panther|PhylomeDB|Treefam,11,secondary evidence candidate,standard orthogonal validation required
21,RGS5,mesenchymal_HSC_myofibroblast,future validation marker,pericyte and stromal-state validation,18.806886745004732,5.1968867450047345,0,2.61,7,0,4,6,-6,0,0,-0.7349984125788502,6.040225867685009e-16,0.462,0.636,NA,NA,NA,NA,NA,NA,NA,NA,NA,cell-state marker,conserved,Pericyte and activated mesenchymal marker.,vascular mural cell expression,ENSG00000143248,8490,regulator of G protein signaling 5,1,AB:GO CC high conf,NA,NA,NA,NA,0,2026-05-26T01:52:42Z,O15539,Regulator of G-protein signaling 5,Cytoplasm | Membrane,NA,"Inhibits signal transduction by increasing the GTPase activity of G protein alpha subunits thereby driving them into their inactive GDP-bound form. Binds to G(i)-alpha and G(o)-alpha, but not to G(s)-alpha (By similarity)",NA,2,36982915;25290689,0,NA,NA,NA,NA,NA,NA,2026-05-26T01:53:20Z,Rgs5,19737,EggNOG|Ensembl|HGNC|Inparanoid|OMA|OrthoMCL|Panther|PhylomeDB|Treefam,9,secondary evidence candidate,standard orthogonal validation required
